001	distressed-grommet-eyelet-tank-top-2	21 SAVAGE — NO WAY OUT BUT THROUGH	https://cdn.shopify.com/s/files/1/0759/7506/5791/files/77477911a56a42eb9b98bcbb2dc84bd8.png?v=1788937533
002	vintage-wash-boxy-distressed-hem-t-shirt-3	21 SAVAGE — HEADLINER, HALLOWEEN NIGHT	https://cdn.shopify.com/s/files/1/0759/7506/5791/files/e3a8d5be9f844b358c5c547634e61aaf.png?v=1788937543
003	vintage-wash-boxy-distressed-hem-t-shirt-4	21 SAVAGE — SURVIVED CHANNELSIDE	https://cdn.shopify.com/s/files/1/0759/7506/5791/files/7da26fc78184463f93c408147e3563fb.png?v=1788937548
004	vintage-wash-boxy-distressed-hem-t-shirt-5	KODAK BLACK — RAN THE WRONG WAY	https://cdn.shopify.com/s/files/1/0759/7506/5791/files/9efb69c8e13547debc1b02c7352e0a4d.png?v=1788937557
005	vintage-wash-boxy-distressed-hem-t-shirt-6	MEEK MILL — NOBODY BELIEVED HIM	https://cdn.shopify.com/s/files/1/0759/7506/5791/files/43cdb713d28e44a68e58eb7632ca9308.png?v=1788937564
006	vintage-wash-boxy-distressed-hem-t-shirt-7	MEEK MILL — THE THIRD NAME CALLED	https://cdn.shopify.com/s/files/1/0759/7506/5791/files/4bfde8bd99994751a3e950f03682bf54.png?v=1788937584
007	vintage-wash-boxy-distressed-hem-t-shirt-8	DA BABY — TURNED AROUND TOO LATE	https://cdn.shopify.com/s/files/1/0759/7506/5791/files/ebcbb12976514d278717393dab58583f.png?v=1788937593
008	vintage-wash-boxy-distressed-hem-t-shirt-9	DA BABY — ANSWERED THE CALL	https://cdn.shopify.com/s/files/1/0759/7506/5791/files/f687a18dfeb2482482c89ed07f8eddb1.png?v=1788937608
009	vintage-wash-boxy-distressed-hem-t-shirt-10	BELLYGANG KUSH — TOLD THEM ABOUT THE DOOR	https://cdn.shopify.com/s/files/1/0759/7506/5791/files/4a847120bfeb4f11b780df378a073520.png?v=1788937623
010	unisex-waffle-raw-edge-t-shirt	21 SAVAGE — LAST NAME ON THE BILL	https://cdn.shopify.com/s/files/1/0759/7506/5791/files/20dfa1f98dfc4ef391a780750ffe3ea5.png?v=1788937638
011	unisex-waffle-raw-edge-t-shirt-1	21 SAVAGE — CURTAIN CALL, NO CURTAIN	https://cdn.shopify.com/s/files/1/0759/7506/5791/files/94801d632509455ab2950d5722ed96d1.png?v=1788937653
012	vintage-wash-boxy-distressed-hem-t-shirt-11	BELLYGANG KUSH — FIRST ONE TO RUN	https://cdn.shopify.com/s/files/1/0759/7506/5791/files/8375617936b245d1997693de56851242.png?v=1788937668
013	vintage-wash-boxy-distressed-hem-t-shirt-12	KODAK BLACK — LOCKED IN WITH THE REST OF US	https://cdn.shopify.com/s/files/1/0759/7506/5791/files/7a82b263995c4ca48480aafc02aca5e3.png?v=1788937683
014	unisex-mineral-wash-raw-edge-t-shirt	21 SAVAGE — THE GATES DON'T OPEN TWICE	https://cdn.shopify.com/s/files/1/0759/7506/5791/files/758abbc4f0704fa08dd67761579232f8.png?v=1788937698
015	snow-washed-raw-hem-t-shirt-2	21 SAVAGE — HEARD IT FROM THE PARKING LOT	https://cdn.shopify.com/s/files/1/0759/7506/5791/files/4d21ed6095d847b782dd70334c94a057.png?v=1788937713
016	unisex-waffle-raw-edge-t-shirt-2	21 SAVAGE — THE ARENA WENT DARK	https://cdn.shopify.com/s/files/1/0759/7506/5791/files/1528284e2f484251ab0094677c49b7af.png?v=1788937728
017	unisex-waffle-raw-edge-t-shirt-3	MEEK MILL — STILL COUNTING BODIES	https://cdn.shopify.com/s/files/1/0759/7506/5791/files/44e57b9c00464d9eb8abfc0999eb5e8d.png?v=1788937743
018	vintage-wash-boxy-distressed-hem-t-shirt-13	ALL ARTIST — NINE NAMES, ONE NIGHT	https://cdn.shopify.com/s/files/1/0759/7506/5791/files/74a3b71db16e45798d269e461188285d.png?v=1788937758
019	unisex-mineral-wash-raw-edge-t-shirt-1	21 SAVAGE — COUNT THE EXITS	https://cdn.shopify.com/s/files/1/0759/7506/5791/files/405e02ca315147a49af1f8dc55a34282.png?v=1788937773
020	unisex-mineral-wash-raw-edge-t-shirt-2	KODAK BLACK — SAW IT COMING	https://cdn.shopify.com/s/files/1/0759/7506/5791/files/297e38f2f5a8487592200d04d80fe713.png?v=1788937788
021	snow-washed-raw-hem-t-shirt-3	KODAK BLACK — THE LIGHTS FLICKERED FIRST	https://cdn.shopify.com/s/files/1/0759/7506/5791/files/debd343061c444f29bb74f66ec2f90bf.png?v=1788937804
022	unisex-washed-boxy-studded-t-shirt-2	21 SAVAGE — DEAD CENTER FLOOR	https://cdn.shopify.com/s/files/1/0759/7506/5791/files/d08e8894171140348b8ea236070c91be.png?v=1788937818
023	unisex-waffle-raw-edge-t-shirt-4	MEEK MILL — HELD THE DOOR	https://cdn.shopify.com/s/files/1/0759/7506/5791/files/210bc01b721e404e81bcae738f9b8ae0.png?v=1788937833
024	unisex-waffle-raw-edge-t-shirt-5	DA BABY — NEVER SAW THE STAIRS	https://cdn.shopify.com/s/files/1/0759/7506/5791/files/91ba6367bb924ce9b15f500c5b694f88.png?v=1788937848
025	snow-wash-raw-edge-cotton-t-shirt-2	21 SAVAGE — SEVEN MINUTES PAST MIDNIGHT	https://cdn.shopify.com/s/files/1/0759/7506/5791/files/3c6623a759f54f3ead8e384e7419ee94.png?v=1788937863
026	vintage-wash-boxy-distressed-hem-t-shirt-14	ALL ARTIST — THE COMPLETE BILL	https://cdn.shopify.com/s/files/1/0759/7506/5791/files/21324cca8ff14548aa5d6354d6d1b675.png?v=1788937878
027	vintage-wash-boxy-distressed-hem-t-shirt-15	ALL ARTIST — EVERY NAME ON THE POSTER	https://cdn.shopify.com/s/files/1/0759/7506/5791/files/d021179d3fbe49dd8e64b2fa493b28a9.png?v=1788937895
028	vintage-wash-boxy-distressed-hem-t-shirt-16	ALL ARTIST — THE FULL LINEUP	https://cdn.shopify.com/s/files/1/0759/7506/5791/files/623058ecc7b14acc911d21d89f368769.png?v=1788937908
029	unisex-mineral-wash-raw-edge-t-shirt-3	MEEK MILL — CAME BACK FOR THE REST	https://cdn.shopify.com/s/files/1/0759/7506/5791/files/5246470ac31549ce9e5ebaaa813b7452.png?v=1788937924
030	unisex-mineral-wash-raw-edge-t-shirt-4	DA BABY — SHOULD'VE STAYED HOME	https://cdn.shopify.com/s/files/1/0759/7506/5791/files/75f43eaef6be4865bc58bfbc77865c1b.png?v=1788937938
031	unisex-mineral-wash-raw-edge-t-shirt-5	BELLYGANG KUSH — DIDN'T COME FOR THE SHOW	https://cdn.shopify.com/s/files/1/0759/7506/5791/files/d0aee4fbb639405d8fb4b8ce95273b41.png?v=1788937953
032	snow-washed-raw-hem-t-shirt-4	MEEK MILL — WOULDN'T LEAVE WITHOUT THEM	https://cdn.shopify.com/s/files/1/0759/7506/5791/files/b7c13bd333a741048df2ab3561f225e8.png?v=1788937968
033	snow-washed-raw-hem-t-shirt-5	DA BABY — THE FOURTH TO GO	https://cdn.shopify.com/s/files/1/0759/7506/5791/files/22944e91911b414f9901b59b4021da8e.png?v=1788937983
034	snow-washed-raw-hem-t-shirt-6	BELLYGANG KUSH — STAYED IN THE GREEN ROOM	https://cdn.shopify.com/s/files/1/0759/7506/5791/files/e8998d8aa8e148469bd69014002a883c.png?v=1788937998
035	distressed-grommet-eyelet-tank-top-3	21 SAVAGE — CUT THE LIGHTS	https://cdn.shopify.com/s/files/1/0759/7506/5791/files/bef91df90a7048099a81c56e8f773a45.png?v=1788938013
036	unisex-sunfade-boxy-long-sleeve-t-shirt	KODAK BLACK — SECOND TO LAST TO LEAVE	https://cdn.shopify.com/s/files/1/0759/7506/5791/files/b4b1b451e8e84633b5cd4137d72c5dbe.png?v=1788938028
037	unisex-waffle-raw-edge-t-shirt-6	KODAK BLACK — NOBODY CHECKED THE BASEMENT	https://cdn.shopify.com/s/files/1/0759/7506/5791/files/59d6de5df0274810a43f939e59ee60eb.png?v=1788938043
038	unisex-waffle-raw-edge-t-shirt-7	DA BABY — THE LAUGH IN THE TUNNEL	https://cdn.shopify.com/s/files/1/0759/7506/5791/files/2e240527c9744fb9ab4246270d724cfe.png?v=1788938058
039	unisex-waffle-raw-edge-t-shirt-8	BELLYGANG KUSH — KNEW ANOTHER WAY OUT	https://cdn.shopify.com/s/files/1/0759/7506/5791/files/cc1787f754824c9f942849b49e622296.png?v=1788938073
040	snow-wash-raw-edge-cotton-t-shirt-3	ALL ARTIST — ONE STAGE, ALL NIGHT	https://cdn.shopify.com/s/files/1/0759/7506/5791/files/ff1d778e3b0f4c7ea3fab6bce8063efc.png?v=1788938088
041	vintage-wash-boxy-distressed-hem-t-shirt-17	ALL ARTIST — THE WHOLE ROSTER	https://cdn.shopify.com/s/files/1/0759/7506/5791/files/6de81a4032b74484b37b39fb5fca2a5a.png?v=1788938103
042	vintage-wash-boxy-distressed-hem-t-shirt-18	NOC — NIGHTMARE ON CHANNELSIDE	https://cdn.shopify.com/s/files/1/0759/7506/5791/files/87c761bfe3534f78957d92661c35d3b0.png?v=1788938118
043	vintage-wash-boxy-distressed-hem-t-shirt-19	NOC — 10.31.26	https://cdn.shopify.com/s/files/1/0759/7506/5791/files/5031d88f1e43485a9478504dcdd178fb.png?v=1788938133
044	vintage-wash-boxy-distressed-hem-t-shirt-20	NOC — BENCHMARK INTERNATIONAL ARENA	https://cdn.shopify.com/s/files/1/0759/7506/5791/files/d4fe4a7688a447178573a9f4842b1fac.png?v=1788938148
045	vintage-wash-boxy-distressed-hem-t-shirt-21	NOC — ONE NIGHT · ONE ARENA · NO ESCAPE	https://cdn.shopify.com/s/files/1/0759/7506/5791/files/9655d45c9d704de19a78f61ad3e6a31b.png?v=1788938163
046	vintage-wash-boxy-distressed-hem-t-shirt-22	NOC — DOORS 6PM · SHOW 7PM	https://cdn.shopify.com/s/files/1/0759/7506/5791/files/26c14a203bfa43e38006f71238460652.png?v=1788938178
047	vintage-wash-boxy-distressed-hem-t-shirt-23	NOC — HALLOWEEN NIGHT 2026	https://cdn.shopify.com/s/files/1/0759/7506/5791/files/0987b03fa57a42f08acf15b1f90bd757.png?v=1788938193
048	vintage-wash-boxy-distressed-hem-t-shirt-24	TAMPA — 10.31.26	https://cdn.shopify.com/s/files/1/0759/7506/5791/files/6675ce997b8d40e3b82b27d95b4efec8.png?v=1788938208
049	vintage-wash-boxy-distressed-hem-t-shirt-25	TAMPA — CHANNELSIDE	https://cdn.shopify.com/s/files/1/0759/7506/5791/files/82ce8acfed584cfdb3a14ed110cf7a14.png?v=1788938223
050	vintage-wash-boxy-distressed-hem-t-shirt-26	TAMPA, FLORIDA — HALLOWEEN 2026	https://cdn.shopify.com/s/files/1/0759/7506/5791/files/4ccbf425b08d4e1b8611c87e225d4751.png?v=1788938238
051	unisex-mineral-wash-raw-edge-t-shirt-6	NOC — OFFICIAL EVENT TEE	https://cdn.shopify.com/s/files/1/0759/7506/5791/files/ee08dde51f4a4ba09bd98689debb86fd.png?v=1788938253
052	snow-washed-raw-hem-t-shirt-7	NOC — CHANNELSIDE '26	https://cdn.shopify.com/s/files/1/0759/7506/5791/files/461f853ace4348a29a20e35df12109a3.png?v=1788938268
053	snow-washed-raw-hem-t-shirt-8	TAMPA — HOME OF THE NIGHTMARE	https://cdn.shopify.com/s/files/1/0759/7506/5791/files/b7a8e8debf1343ef8ee9284969c5d6af.png?v=1788938283
054	snow-washed-raw-hem-t-shirt-9	TAMPA — 813	https://cdn.shopify.com/s/files/1/0759/7506/5791/files/63dcee543cc34f939c9e1b042a2222c1.png?v=1788938298
055	distressed-grommet-eyelet-tank-top-4	KODAK BLACK — MADE IT TO THE PARKING GARAGE	https://cdn.shopify.com/s/files/1/0759/7506/5791/files/f5615753162840ed8ebc3138a5615510.png?v=1788938313
056	distressed-grommet-eyelet-tank-top-5	MEEK MILL — BROKE THROUGH THE GATE	https://cdn.shopify.com/s/files/1/0759/7506/5791/files/4fb857e6f020461c824d29c246bdb0fc.png?v=1788938328
057	unisex-sunfade-boxy-long-sleeve-t-shirt-1	KODAK BLACK — THE HALLWAY BEHIND THE STAGE	https://cdn.shopify.com/s/files/1/0759/7506/5791/files/3eaf623ecfc34acd9201d04c34f37a1c.png?v=1788938344
058	unisex-waffle-raw-edge-t-shirt-9	BELLYGANG KUSH — WORKED THE BUILDING BEFORE	https://cdn.shopify.com/s/files/1/0759/7506/5791/files/5bfc99ab97c64d12ae9ee2ab970337fa.png?v=1788938358
059	unisex-waffle-raw-edge-t-shirt-10	NOC — SATURDAY, OCTOBER 31	https://cdn.shopify.com/s/files/1/0759/7506/5791/files/e7f1e1d028a84ab899e62cd3f8cbe4ad.png?v=1788938373
060	snow-wash-raw-edge-cotton-t-shirt-4	MEEK MILL — LAST MAN OFF THE FLOOR	https://cdn.shopify.com/s/files/1/0759/7506/5791/files/11f32295ad47417d9570a3821b2de8b2.png?v=1788938388
061	snow-wash-raw-edge-cotton-t-shirt-5	DA BABY — LOST HIM IN THE CROWD	https://cdn.shopify.com/s/files/1/0759/7506/5791/files/a6effa7531264d4d90c42e6e78402909.png?v=1788938403
062	unisex-waffle-raw-edge-t-shirt-11	ALL ARTIST — EVERYBODY WHO SHOWED	https://cdn.shopify.com/s/files/1/0759/7506/5791/files/a25acbf83e5446e0bcb3e78deddc54da.png?v=1788938418
063	vintage-wash-boxy-distressed-hem-t-shirt-27	ALL ARTIST — NOBODY SAT DOWN	https://cdn.shopify.com/s/files/1/0759/7506/5791/files/73ede3558d494bf2a9e2d7dc48c8adf2.png?v=1788938433
064	snow-wash-oversized-hoodie	21 SAVAGE — THE MOON CAME UP RED	https://cdn.shopify.com/s/files/1/0759/7506/5791/files/d64692566fa841ababe19455fd838d08.png?v=1788938448
065	unisex-sunfade-boxy-long-sleeve-t-shirt-2	KODAK BLACK — STILL BREATHING AT ELEVEN	https://cdn.shopify.com/s/files/1/0759/7506/5791/files/aea292e1c5744810ae194544b7471ee6.png?v=1788938463
066	vintage-washed-frayed-fleece-hoodie	21 SAVAGE — THIRTY THOUSAND SCREAMING	https://cdn.shopify.com/s/files/1/0759/7506/5791/files/71a0e4f6690a49afb66e5fcc9637a2e6.png?v=1788938479
067	essential-crewneck-long-sleeve-t-shirt	KODAK BLACK — SOMETHING IN THE RAFTERS	https://cdn.shopify.com/s/files/1/0759/7506/5791/files/9bf6b864043e4304970164791af3aaf5.png?v=1788938493
068	vintage-wash-boxy-distressed-hem-t-shirt-28	NOC — TAMPA'S BIGGEST HALLOWEEN CONCERT	https://cdn.shopify.com/s/files/1/0759/7506/5791/files/b696d4003cea4dd5882316c0fa1ec455.png?v=1788938508
069	vintage-washed-frayed-hem-hoodie-5	21 SAVAGE — TOP OF THE KILL BILL	https://cdn.shopify.com/s/files/1/0759/7506/5791/files/426ed39caf694754ad5ff245a5243d5f.png?v=1788938523
070	snow-washed-raw-edge-double-layered-hoodie	NOC — FULL LINEUP BLOOD MOON HOODIE	https://cdn.shopify.com/s/files/1/0759/7506/5791/files/cfc1f2d4ccd64da1bf00ce7e030e6256.png?v=1788938538
071	essential-crewneck-long-sleeve-t-shirt-1	MEEK MILL — TWO HOURS IN THE DARK	https://cdn.shopify.com/s/files/1/0759/7506/5791/files/6189d09980ed4a8fb298364e141e32b4.png?v=1788938553
072	heavyweight-drop-shoulder-sweatshirt	21 SAVAGE — HOUSE LIGHTS NEVER CAME BACK	https://cdn.shopify.com/s/files/1/0759/7506/5791/files/9e075cb9f85e400aa3fd060530125326.png?v=1788938915
073	pure-cotton-unisex-t-shirt	MEEK MILL — HEARD THE WHOLE THING	https://cdn.shopify.com/s/files/1/0759/7506/5791/files/7a158b7525c544f8a8b9745ea5bbe550.png?v=1788938584
074	pure-cotton-unisex-t-shirt-1	DA BABY — ONE MORE SONG	https://cdn.shopify.com/s/files/1/0759/7506/5791/files/6489d73c40414291bd557a70a8ea0882.png?v=1788938598
075	pure-cotton-unisex-t-shirt-2	BELLYGANG KUSH — OPENED THE WHOLE THING	https://cdn.shopify.com/s/files/1/0759/7506/5791/files/6043e932bb634ef58e4ccab27ab0c20d.png?v=1788938613
076	essential-crewneck-long-sleeve-t-shirt-2	DA BABY — SECTION 114, ROW 8	https://cdn.shopify.com/s/files/1/0759/7506/5791/files/858f00f3cbc34e44b0f316386ca7ac1d.png?v=1788938628
077	essential-crewneck-long-sleeve-t-shirt-3	BELLYGANG KUSH — THE NAME NOBODY READ	https://cdn.shopify.com/s/files/1/0759/7506/5791/files/483d46ff7f8a464ab69183300db62f80.png?v=1788938645
078	distressed-grommet-eyelet-tank-top-6	DA BABY — NO SIGNAL DOWN THERE	https://cdn.shopify.com/s/files/1/0759/7506/5791/files/8080b65224624d8ebde25e38c3a18da1.png?v=1788938658
079	unisex-washed-boxy-studded-t-shirt-3	ALL ARTIST — ONE BUILDING	https://cdn.shopify.com/s/files/1/0759/7506/5791/files/298ff1d0bd3a4b0e97a39aa42b026cd5.png?v=1788938673
080	vintage-wash-boxy-distressed-hem-t-shirt-29	TAMPA — ONE NIGHT ONLY	https://cdn.shopify.com/s/files/1/0759/7506/5791/files/20fac12df3db4bb7a24544cfdf9bb6e5.png?v=1788938688
081	french-terry-boxy-tank-top-2	BELLYGANG KUSH — CUT THROUGH THE LOADING DOCK	https://cdn.shopify.com/s/files/1/0759/7506/5791/files/f57e57bb72fa4f90808ee9ba5747ab02.png?v=1788938703
082	essential-boxy-heavyweight-drop-shoulder-hoodie	21 SAVAGE — NOBODY MAKES IT OUT	https://cdn.shopify.com/s/files/1/0759/7506/5791/files/f37de7544c124dc1a26ab8db97b7f47f.png?v=1788938718
083	snow-wash-oversized-hoodie-1	21 SAVAGE — NO ENCORE	https://cdn.shopify.com/s/files/1/0759/7506/5791/files/aa5f44ebcbb549f3bebae34a7464fa11.png?v=1788938734
084	unisex-mineral-wash-distressed-hoodie	KODAK BLACK — SURVIVOR NO. 2	https://cdn.shopify.com/s/files/1/0759/7506/5791/files/e2071b77b3224bc9837e61332d775f12.png?v=1788938748
085	snow-wash-raw-edge-cotton-t-shirt-6	NOC — GATES + BLOOD MOON	https://cdn.shopify.com/s/files/1/0759/7506/5791/files/e0809c171db04bd8bf1bd1f1d2d766cb.png?v=1788938763
086	snow-wash-oversized-hoodie-2	MEEK MILL — THE ONE WHO WENT BACK IN	https://cdn.shopify.com/s/files/1/0759/7506/5791/files/b7ff6a7f1b1348458a4d55f839213127.png?v=1788938778
087	boxy-gather-hem-hoodie	DA BABY — DEAD BY MIDNIGHT	https://cdn.shopify.com/s/files/1/0759/7506/5791/files/c49733609cb742e9ac8795c3b702a313.png?v=1788938793
088	vintage-wash-boxy-distressed-hem-t-shirt-30	TAMPA — BAY CITY, HALLOWEEN NIGHT	https://cdn.shopify.com/s/files/1/0759/7506/5791/files/bae6e137fb304d98a12c8e226fc9d86b.png?v=1788938808
089	distressed-grommet-eyelet-tank-top-7	NOC — CREW	https://cdn.shopify.com/s/files/1/0759/7506/5791/files/033f3e7b32fd4babab9f0ec81f522063.png?v=1788938824
090	pure-cotton-unisex-t-shirt-3	ALL ARTIST — THE CAST	https://cdn.shopify.com/s/files/1/0759/7506/5791/files/d2fc9907988c4b6c838a42e401b2e3e6.png?v=1788938838
091	essential-crewneck-long-sleeve-t-shirt-4	ALL ARTIST — THE ENSEMBLE	https://cdn.shopify.com/s/files/1/0759/7506/5791/files/65e5f967acfd43d7b0f59564da0705eb.png?v=1788938854
092	essential-crewneck-long-sleeve-t-shirt-5	ALL ARTIST — NO OPENERS	https://cdn.shopify.com/s/files/1/0759/7506/5791/files/88ef107ff3804474b4e64e80c8c7e71b.png?v=1788938868
093	unisex-vintage-wash-boxy-t-shirt	ALL ARTIST — TOP TO BOTTOM	https://cdn.shopify.com/s/files/1/0759/7506/5791/files/4407a25ceb174153bcc4bd04098da6c5.png?v=1788938883
